SYEAR,SMTH,NAICS,_EMPLOYMENT_
2000,1,Accommodation and food services [72],148000
2000,1,"Administrative and support, waste management and remediation services [56]",59250
2000,1,"Agriculture, forestry, fishing and hunting [11]",61750
2000,1,"Arts, entertainment and recreation [71]",39500
2000,1,Construction [23],106250
2000,1,Educational services [61],143500
2000,1,Finance and insurance [52],78500
2000,1,Health care and social assistance [62],200000
2000,1,Information and cultural industries [51],47000
2000,1,Management of companies and enterprises [55],1000
2000,1,Manufacturing [31-33],197750
2000,1,"Mining, quarrying, and oil and gas extraction [21]",14750
2000,1,Other services (except public administration)[81],100250
2000,1,"Professional, scientific and technical services [54]",135250
2000,1,Public administration [91],93750
2000,1,"Real estate, rental and leasing [53]",37500
2000,1,Retail trade  [44-45],220750
2000,1,Transportation and warehousing [48-49],115000
2000,1,Utilities [22],10750
2000,1,Wholesale trade  [41],69500
2000,2,Accommodation and food services [72],152500
2000,2,"Administrative and support, waste management and remediation services [56]",64000
2000,2,"Agriculture, forestry, fishing and hunting [11]",65250
2000,2,"Arts, entertainment and recreation [71]",41250
2000,2,Construction [23],115000
2000,2,Educational services [61],142500
2000,2,Finance and insurance [52],76750
2000,2,Health care and social assistance [62],201500
2000,2,Information and cultural industries [51],51750
2000,2,Management of companies and enterprises [55],1500
2000,2,Manufacturing [31-33],191750
2000,2,"Mining, quarrying, and oil and gas extraction [21]",14500
2000,2,Other services (except public administration)[81],98750
2000,2,"Professional, scientific and technical services [54]",132500
2000,2,Public administration [91],90750
2000,2,"Real estate, rental and leasing [53]",38750
2000,2,Retail trade  [44-45],226500
2000,2,Transportation and warehousing [48-49],120750
2000,2,Utilities [22],11000
2000,2,Wholesale trade  [41],70750
2000,3,Accommodation and food services [72],150250
2000,3,"Administrative and support, waste management and remediation services [56]",64750
2000,3,"Agriculture, forestry, fishing and hunting [11]",66750
2000,3,"Arts, entertainment and recreation [71]",44500
2000,3,Construction [23],106750
2000,3,Educational services [61],142750
2000,3,Finance and insurance [52],75500
2000,3,Health care and social assistance [62],204000
2000,3,Information and cultural industries [51],48000
2000,3,Management of companies and enterprises [55],1500
2000,3,Manufacturing [31-33],194500
2000,3,"Mining, quarrying, and oil and gas extraction [21]",15000
2000,3,Other services (except public administration)[81],96250
2000,3,"Professional, scientific and technical services [54]",133500
2000,3,Public administration [91],90000
2000,3,"Real estate, rental and leasing [53]",35750
2000,3,Retail trade  [44-45],231500
2000,3,Transportation and warehousing [48-49],120000
2000,3,Utilities [22],11000
2000,3,Wholesale trade  [41],70500
2000,4,Accommodation and food services [72],153750
2000,4,"Administrative and support, waste management and remediation services [56]",66750
2000,4,"Agriculture, forestry, fishing and hunting [11]",63750
2000,4,"Arts, entertainment and recreation [71]",40000
2000,4,Construction [23],105500
2000,4,Educational services [61],138000
2000,4,Finance and insurance [52],73500
2000,4,Health care and social assistance [62],203500
2000,4,Information and cultural industries [51],51500
2000,4,Management of companies and enterprises [55],1000
2000,4,Manufacturing [31-33],197250
2000,4,"Mining, quarrying, and oil and gas extraction [21]",14000
2000,4,Other services (except public administration)[81],96500
2000,4,"Professional, scientific and technical services [54]",135750
2000,4,Public administration [91],88750
2000,4,"Real estate, rental and leasing [53]",38000
2000,4,Retail trade  [44-45],237250
2000,4,Transportation and warehousing [48-49],117500
2000,4,Utilities [22],10250
2000,4,Wholesale trade  [41],66750
2000,5,Accommodation and food services [72],158250
2000,5,"Administrative and support, waste management and remediation services [56]",63000
2000,5,"Agriculture, forestry, fishing and hunting [11]",74250
2000,5,"Arts, entertainment and recreation [71]",41250
2000,5,Construction [23],113500
2000,5,Educational services [61],137000
2000,5,Finance and insurance [52],75250
2000,5,Health care and social assistance [62],204750
2000,5,Information and cultural industries [51],55500
2000,5,Management of companies and enterprises [55],1000
2000,5,Manufacturing [31-33],205250
2000,5,"Mining, quarrying, and oil and gas extraction [21]",12500
2000,5,Other services (except public administration)[81],95250
2000,5,"Professional, scientific and technical services [54]",137250
2000,5,Public administration [91],90500
2000,5,"Real estate, rental and leasing [53]",39500
2000,5,Retail trade  [44-45],239500
2000,5,Transportation and warehousing [48-49],122500
2000,5,Utilities [22],10750
2000,5,Wholesale trade  [41],65000
2000,6,Accommodation and food services [72],159000
2000,6,"Administrative and support, waste management and remediation services [56]",72500
2000,6,"Agriculture, forestry, fishing and hunting [11]",78750
2000,6,"Arts, entertainment and recreation [71]",42500
2000,6,Construction [23],113000
2000,6,Educational services [61],139000
2000,6,Finance and insurance [52],77750
2000,6,Health care and social assistance [62],205000
2000,6,Information and cultural industries [51],54000
2000,6,Management of companies and enterprises [55],500
2000,6,Manufacturing [31-33],207250
2000,6,"Mining, quarrying, and oil and gas extraction [21]",12250
2000,6,Other services (except public administration)[81],101750
2000,6,"Professional, scientific and technical services [54]",139000
2000,6,Public administration [91],91500
2000,6,"Real estate, rental and leasing [53]",37750
2000,6,Retail trade  [44-45],238250
2000,6,Transportation and warehousing [48-49],120250
2000,6,Utilities [22],10750
2000,6,Wholesale trade  [41],66000
2000,7,Accommodation and food services [72],158250
2000,7,"Administrative and support, waste management and remediation services [56]",77000
2000,7,"Agriculture, forestry, fishing and hunting [11]",84750
2000,7,"Arts, entertainment and recreation [71]",38500
2000,7,Construction [23],115500
2000,7,Educational services [61],113250
2000,7,Finance and insurance [52],80250
2000,7,Health care and social assistance [62],202000
2000,7,Information and cultural industries [51],55250
2000,7,Management of companies and enterprises [55],500
2000,7,Manufacturing [31-33],204750
2000,7,"Mining, quarrying, and oil and gas extraction [21]",12500
2000,7,Other services (except public administration)[81],97500
2000,7,"Professional, scientific and technical services [54]",135250
2000,7,Public administration [91],90750
2000,7,"Real estate, rental and leasing [53]",37000
2000,7,Retail trade  [44-45],239000
2000,7,Transportation and warehousing [48-49],116750
2000,7,Utilities [22],11500
2000,7,Wholesale trade  [41],72000
2000,8,Accommodation and food services [72],159500
2000,8,"Administrative and support, waste management and remediation services [56]",76000
2000,8,"Agriculture, forestry, fishing and hunting [11]",80500
2000,8,"Arts, entertainment and recreation [71]",40000
2000,8,Construction [23],118000
2000,8,Educational services [61],108250
2000,8,Finance and insurance [52],81000
2000,8,Health care and social assistance [62],199500
2000,8,Information and cultural industries [51],59500
2000,8,Management of companies and enterprises [55],500
2000,8,Manufacturing [31-33],207500
2000,8,"Mining, quarrying, and oil and gas extraction [21]",14250
2000,8,Other services (except public administration)[81],107000
2000,8,"Professional, scientific and technical services [54]",133750
2000,8,Public administration [91],94500
2000,8,"Real estate, rental and leasing [53]",39750
2000,8,Retail trade  [44-45],241250
2000,8,Transportation and warehousing [48-49],122250
2000,8,Utilities [22],10750
2000,8,Wholesale trade  [41],69250
2000,9,Accommodation and food services [72],160000
2000,9,"Administrative and support, waste management and remediation services [56]",71250
2000,9,"Agriculture, forestry, fishing and hunting [11]",68750
2000,9,"Arts, entertainment and recreation [71]",41000
2000,9,Construction [23],124000
2000,9,Educational services [61],135500
2000,9,Finance and insurance [52],78000
2000,9,Health care and social assistance [62],196750
2000,9,Information and cultural industries [51],61000
2000,9,Management of companies and enterprises [55],500
2000,9,Manufacturing [31-33],206500
2000,9,"Mining, quarrying, and oil and gas extraction [21]",12000
2000,9,Other services (except public administration)[81],98500
2000,9,"Professional, scientific and technical services [54]",132000
2000,9,Public administration [91],91500
2000,9,"Real estate, rental and leasing [53]",40750
2000,9,Retail trade  [44-45],238250
2000,9,Transportation and warehousing [48-49],119000
2000,9,Utilities [22],9500
2000,9,Wholesale trade  [41],64500
2000,10,Accommodation and food services [72],160500
2000,10,"Administrative and support, waste management and remediation services [56]",71000
2000,10,"Agriculture, forestry, fishing and hunting [11]",69500
2000,10,"Arts, entertainment and recreation [71]",41250
2000,10,Construction [23],110250
2000,10,Educational services [61],139500
2000,10,Finance and insurance [52],77000
2000,10,Health care and social assistance [62],198250
2000,10,Information and cultural industries [51],65000
2000,10,Management of companies and enterprises [55],0
2000,10,Manufacturing [31-33],211250
2000,10,"Mining, quarrying, and oil and gas extraction [21]",11250
2000,10,Other services (except public administration)[81],98500
2000,10,"Professional, scientific and technical services [54]",139750
2000,10,Public administration [91],92500
2000,10,"Real estate, rental and leasing [53]",37750
2000,10,Retail trade  [44-45],240000
2000,10,Transportation and warehousing [48-49],115000
2000,10,Utilities [22],9500
2000,10,Wholesale trade  [41],60500
2000,11,Accommodation and food services [72],153250
2000,11,"Administrative and support, waste management and remediation services [56]",72750
2000,11,"Agriculture, forestry, fishing and hunting [11]",60500
2000,11,"Arts, entertainment and recreation [71]",39250
2000,11,Construction [23],111000
2000,11,Educational services [61],144250
2000,11,Finance and insurance [52],87500
2000,11,Health care and social assistance [62],194000
2000,11,Information and cultural industries [51],64750
2000,11,Management of companies and enterprises [55],0
2000,11,Manufacturing [31-33],202750
2000,11,"Mining, quarrying, and oil and gas extraction [21]",10750
2000,11,Other services (except public administration)[81],92750
2000,11,"Professional, scientific and technical services [54]",140500
2000,11,Public administration [91],92000
2000,11,"Real estate, rental and leasing [53]",34250
2000,11,Retail trade  [44-45],240750
2000,11,Transportation and warehousing [48-49],114250
2000,11,Utilities [22],9250
2000,11,Wholesale trade  [41],67000
2000,12,Accommodation and food services [72],153500
2000,12,"Administrative and support, waste management and remediation services [56]",70000
2000,12,"Agriculture, forestry, fishing and hunting [11]",58750
2000,12,"Arts, entertainment and recreation [71]",36250
2000,12,Construction [23],107000
2000,12,Educational services [61],145000
2000,12,Finance and insurance [52],85750
2000,12,Health care and social assistance [62],200250
2000,12,Information and cultural industries [51],65500
2000,12,Management of companies and enterprises [55],0
2000,12,Manufacturing [31-33],203250
2000,12,"Mining, quarrying, and oil and gas extraction [21]",10250
2000,12,Other services (except public administration)[81],96000
2000,12,"Professional, scientific and technical services [54]",141500
2000,12,Public administration [91],91250
2000,12,"Real estate, rental and leasing [53]",40500
2000,12,Retail trade  [44-45],243500
2000,12,Transportation and warehousing [48-49],114500
2000,12,Utilities [22],9000
2000,12,Wholesale trade  [41],64500
2001,1,Accommodation and food services [72],154500
2001,1,"Administrative and support, waste management and remediation services [56]",63000
2001,1,"Agriculture, forestry, fishing and hunting [11]",50250
2001,1,"Arts, entertainment and recreation [71]",37000
2001,1,Construction [23],97250
2001,1,Educational services [61],141500
2001,1,Finance and insurance [52],81500
2001,1,Health care and social assistance [62],193250
2001,1,Information and cultural industries [51],61250
2001,1,Management of companies and enterprises [55],0
2001,1,Manufacturing [31-33],202250
2001,1,"Mining, quarrying, and oil and gas extraction [21]",11750
2001,1,Other services (except public administration)[81],100000
2001,1,"Professional, scientific and technical services [54]",137250
2001,1,Public administration [91],87750
2001,1,"Real estate, rental and leasing [53]",40250
2001,1,Retail trade  [44-45],236250
2001,1,Transportation and warehousing [48-49],113250
2001,1,Utilities [22],9750
2001,1,Wholesale trade  [41],61750
2001,2,Accommodation and food services [72],166000
2001,2,"Administrative and support, waste management and remediation services [56]",66750
2001,2,"Agriculture, forestry, fishing and hunting [11]",57000
2001,2,"Arts, entertainment and recreation [71]",37250
2001,2,Construction [23],103500
2001,2,Educational services [61],146000
2001,2,Finance and insurance [52],79000
2001,2,Health care and social assistance [62],190500
2001,2,Information and cultural industries [51],62750
2001,2,Management of companies and enterprises [55],500
2001,2,Manufacturing [31-33],194250
2001,2,"Mining, quarrying, and oil and gas extraction [21]",9750
2001,2,Other services (except public administration)[81],100250
2001,2,"Professional, scientific and technical services [54]",140750
2001,2,Public administration [91],88750
2001,2,"Real estate, rental and leasing [53]",43750
2001,2,Retail trade  [44-45],223500
2001,2,Transportation and warehousing [48-49],112500
2001,2,Utilities [22],10000
2001,2,Wholesale trade  [41],68250
2001,3,Accommodation and food services [72],165500
2001,3,"Administrative and support, waste management and remediation services [56]",63750
2001,3,"Agriculture, forestry, fishing and hunting [11]",55000
2001,3,"Arts, entertainment and recreation [71]",44250
2001,3,Construction [23],108250
2001,3,Educational services [61],140250
2001,3,Finance and insurance [52],78000
2001,3,Health care and social assistance [62],204500
2001,3,Information and cultural industries [51],63000
2001,3,Management of companies and enterprises [55],500
2001,3,Manufacturing [31-33],196500
2001,3,"Mining, quarrying, and oil and gas extraction [21]",9750
2001,3,Other services (except public administration)[81],95000
2001,3,"Professional, scientific and technical services [54]",141250
2001,3,Public administration [91],88750
2001,3,"Real estate, rental and leasing [53]",41500
2001,3,Retail trade  [44-45],236750
2001,3,Transportation and warehousing [48-49],118000
2001,3,Utilities [22],10250
2001,3,Wholesale trade  [41],64500
2001,4,Accommodation and food services [72],162750
2001,4,"Administrative and support, waste management and remediation services [56]",68250
2001,4,"Agriculture, forestry, fishing and hunting [11]",54000
2001,4,"Arts, entertainment and recreation [71]",43750
2001,4,Construction [23],111000
2001,4,Educational services [61],142500
2001,4,Finance and insurance [52],84750
2001,4,Health care and social assistance [62],196750
2001,4,Information and cultural industries [51],58000
2001,4,Management of companies and enterprises [55],250
2001,4,Manufacturing [31-33],197250
2001,4,"Mining, quarrying, and oil and gas extraction [21]",8000
2001,4,Other services (except public administration)[81],98750
2001,4,"Professional, scientific and technical services [54]",140750
2001,4,Public administration [91],91000
2001,4,"Real estate, rental and leasing [53]",39250
2001,4,Retail trade  [44-45],230000
2001,4,Transportation and warehousing [48-49],114000
2001,4,Utilities [22],11250
2001,4,Wholesale trade  [41],62500
2001,5,Accommodation and food services [72],169000
2001,5,"Administrative and support, waste management and remediation services [56]",68250
2001,5,"Agriculture, forestry, fishing and hunting [11]",55750
2001,5,"Arts, entertainment and recreation [71]",46750
2001,5,Construction [23],116500
2001,5,Educational services [61],144500
2001,5,Finance and insurance [52],83000
2001,5,Health care and social assistance [62],202750
2001,5,Information and cultural industries [51],62250
2001,5,Management of companies and enterprises [55],0
2001,5,Manufacturing [31-33],199000
2001,5,"Mining, quarrying, and oil and gas extraction [21]",10000
2001,5,Other services (except public administration)[81],98250
2001,5,"Professional, scientific and technical services [54]",137250
2001,5,Public administration [91],97250
2001,5,"Real estate, rental and leasing [53]",40250
2001,5,Retail trade  [44-45],242250
2001,5,Transportation and warehousing [48-49],114500
2001,5,Utilities [22],11500
2001,5,Wholesale trade  [41],62500
2001,6,Accommodation and food services [72],163000
2001,6,"Administrative and support, waste management and remediation services [56]",82500
2001,6,"Agriculture, forestry, fishing and hunting [11]",55750
2001,6,"Arts, entertainment and recreation [71]",44500
2001,6,Construction [23],122000
2001,6,Educational services [61],138250
2001,6,Finance and insurance [52],87250
2001,6,Health care and social assistance [62],202750
2001,6,Information and cultural industries [51],60500
2001,6,Management of companies and enterprises [55],0
2001,6,Manufacturing [31-33],197250
2001,6,"Mining, quarrying, and oil and gas extraction [21]",11750
2001,6,Other services (except public administration)[81],97500
2001,6,"Professional, scientific and technical services [54]",147000
2001,6,Public administration [91],91750
2001,6,"Real estate, rental and leasing [53]",36000
2001,6,Retail trade  [44-45],236000
2001,6,Transportation and warehousing [48-49],114750
2001,6,Utilities [22],11250
2001,6,Wholesale trade  [41],60750
2001,7,Accommodation and food services [72],173750
2001,7,"Administrative and support, waste management and remediation services [56]",80000
2001,7,"Agriculture, forestry, fishing and hunting [11]",62250
2001,7,"Arts, entertainment and recreation [71]",46000
2001,7,Construction [23],128500
2001,7,Educational services [61],115500
2001,7,Finance and insurance [52],83250
2001,7,Health care and social assistance [62],199500
2001,7,Information and cultural industries [51],59500
2001,7,Management of companies and enterprises [55],750
2001,7,Manufacturing [31-33],195500
2001,7,"Mining, quarrying, and oil and gas extraction [21]",11000
2001,7,Other services (except public administration)[81],102500
2001,7,"Professional, scientific and technical services [54]",141500
2001,7,Public administration [91],91750
2001,7,"Real estate, rental and leasing [53]",36250
2001,7,Retail trade  [44-45],241000
2001,7,Transportation and warehousing [48-49],115750
2001,7,Utilities [22],11250
2001,7,Wholesale trade  [41],57750
2001,8,Accommodation and food services [72],171750
2001,8,"Administrative and support, waste management and remediation services [56]",69500
2001,8,"Agriculture, forestry, fishing and hunting [11]",65000
2001,8,"Arts, entertainment and recreation [71]",45500
2001,8,Construction [23],121500
2001,8,Educational services [61],112250
2001,8,Finance and insurance [52],85500
2001,8,Health care and social assistance [62],197750
2001,8,Information and cultural industries [51],61500
2001,8,Management of companies and enterprises [55],250
2001,8,Manufacturing [31-33],196000
2001,8,"Mining, quarrying, and oil and gas extraction [21]",12250
2001,8,Other services (except public administration)[81],98000
2001,8,"Professional, scientific and technical services [54]",139250
2001,8,Public administration [91],93000
2001,8,"Real estate, rental and leasing [53]",38000
2001,8,Retail trade  [44-45],236000
2001,8,Transportation and warehousing [48-49],115250
2001,8,Utilities [22],11000
2001,8,Wholesale trade  [41],70750
2001,9,Accommodation and food services [72],160500
2001,9,"Administrative and support, waste management and remediation services [56]",70750
2001,9,"Agriculture, forestry, fishing and hunting [11]",58750
2001,9,"Arts, entertainment and recreation [71]",40750
2001,9,Construction [23],115250
2001,9,Educational services [61],134750
2001,9,Finance and insurance [52],78500
2001,9,Health care and social assistance [62],193500
2001,9,Information and cultural industries [51],62750
2001,9,Management of companies and enterprises [55],500
2001,9,Manufacturing [31-33],197750
2001,9,"Mining, quarrying, and oil and gas extraction [21]",14000
2001,9,Other services (except public administration)[81],99750
2001,9,"Professional, scientific and technical services [54]",139000
2001,9,Public administration [91],88250
2001,9,"Real estate, rental and leasing [53]",39500
2001,9,Retail trade  [44-45],238250
2001,9,Transportation and warehousing [48-49],115000
2001,9,Utilities [22],10250
2001,9,Wholesale trade  [41],70250
2001,10,Accommodation and food services [72],163750
2001,10,"Administrative and support, waste management and remediation services [56]",71250
2001,10,"Agriculture, forestry, fishing and hunting [11]",55750
2001,10,"Arts, entertainment and recreation [71]",46250
2001,10,Construction [23],114250
2001,10,Educational services [61],138750
2001,10,Finance and insurance [52],76250
2001,10,Health care and social assistance [62],189750
2001,10,Information and cultural industries [51],59250
2001,10,Management of companies and enterprises [55],500
2001,10,Manufacturing [31-33],189500
2001,10,"Mining, quarrying, and oil and gas extraction [21]",13500
2001,10,Other services (except public administration)[81],94750
2001,10,"Professional, scientific and technical services [54]",141000
2001,10,Public administration [91],88250
2001,10,"Real estate, rental and leasing [53]",42250
2001,10,Retail trade  [44-45],230000
2001,10,Transportation and warehousing [48-49],108000
2001,10,Utilities [22],10000
2001,10,Wholesale trade  [41],76000
2001,11,Accommodation and food services [72],154250
2001,11,"Administrative and support, waste management and remediation services [56]",71500
2001,11,"Agriculture, forestry, fishing and hunting [11]",50000
2001,11,"Arts, entertainment and recreation [71]",41750
2001,11,Construction [23],108500
2001,11,Educational services [61],146500
2001,11,Finance and insurance [52],74500
2001,11,Health care and social assistance [62],192750
2001,11,Information and cultural industries [51],58000
2001,11,Management of companies and enterprises [55],500
2001,11,Manufacturing [31-33],181500
2001,11,"Mining, quarrying, and oil and gas extraction [21]",12750
2001,11,Other services (except public administration)[81],98750
2001,11,"Professional, scientific and technical services [54]",135750
2001,11,Public administration [91],90250
2001,11,"Real estate, rental and leasing [53]",39250
2001,11,Retail trade  [44-45],243000
2001,11,Transportation and warehousing [48-49],109750
2001,11,Utilities [22],10000
2001,11,Wholesale trade  [41],77250
2001,12,Accommodation and food services [72],163250
2001,12,"Administrative and support, waste management and remediation services [56]",66000
2001,12,"Agriculture, forestry, fishing and hunting [11]",46000
2001,12,"Arts, entertainment and recreation [71]",46750
2001,12,Construction [23],100750
2001,12,Educational services [61],147500
2001,12,Finance and insurance [52],72500
2001,12,Health care and social assistance [62],203000
2001,12,Information and cultural industries [51],55250
2001,12,Management of companies and enterprises [55],1000
2001,12,Manufacturing [31-33],182750
2001,12,"Mining, quarrying, and oil and gas extraction [21]",11750
2001,12,Other services (except public administration)[81],99750
2001,12,"Professional, scientific and technical services [54]",129750
2001,12,Public administration [91],87000
2001,12,"Real estate, rental and leasing [53]",41750
2001,12,Retail trade  [44-45],239500
2001,12,Transportation and warehousing [48-49],102250
2001,12,Utilities [22],10000
2001,12,Wholesale trade  [41],75000
2002,1,Accommodation and food services [72],162000
2002,1,"Administrative and support, waste management and remediation services [56]",65250
2002,1,"Agriculture, forestry, fishing and hunting [11]",46000
2002,1,"Arts, entertainment and recreation [71]",50750
2002,1,Construction [23],107250
2002,1,Educational services [61],145000
2002,1,Finance and insurance [52],79000
2002,1,Health care and social assistance [62],203500
2002,1,Information and cultural industries [51],54500
2002,1,Management of companies and enterprises [55],250
2002,1,Manufacturing [31-33],179500
2002,1,"Mining, quarrying, and oil and gas extraction [21]",11500
2002,1,Other services (except public administration)[81],99000
2002,1,"Professional, scientific and technical services [54]",134250
2002,1,Public administration [91],86750
2002,1,"Real estate, rental and leasing [53]",40500
2002,1,Retail trade  [44-45],223750
2002,1,Transportation and warehousing [48-49],108000
2002,1,Utilities [22],10750
2002,1,Wholesale trade  [41],72500
2002,2,Accommodation and food services [72],164250
2002,2,"Administrative and support, waste management and remediation services [56]",65000
2002,2,"Agriculture, forestry, fishing and hunting [11]",45750
2002,2,"Arts, entertainment and recreation [71]",48000
2002,2,Construction [23],106250
2002,2,Educational services [61],142750
2002,2,Finance and insurance [52],77000
2002,2,Health care and social assistance [62],204500
2002,2,Information and cultural industries [51],54000
2002,2,Management of companies and enterprises [55],500
2002,2,Manufacturing [31-33],181500
2002,2,"Mining, quarrying, and oil and gas extraction [21]",10500
2002,2,Other services (except public administration)[81],101750
2002,2,"Professional, scientific and technical services [54]",138000
2002,2,Public administration [91],85000
2002,2,"Real estate, rental and leasing [53]",40750
2002,2,Retail trade  [44-45],229500
2002,2,Transportation and warehousing [48-49],108750
2002,2,Utilities [22],10250
2002,2,Wholesale trade  [41],69750
2002,3,Accommodation and food services [72],167250
2002,3,"Administrative and support, waste management and remediation services [56]",67000
2002,3,"Agriculture, forestry, fishing and hunting [11]",50500
2002,3,"Arts, entertainment and recreation [71]",52500
2002,3,Construction [23],105750
2002,3,Educational services [61],143750
2002,3,Finance and insurance [52],73750
2002,3,Health care and social assistance [62],204750
2002,3,Information and cultural industries [51],56250
2002,3,Management of companies and enterprises [55],250
2002,3,Manufacturing [31-33],190250
2002,3,"Mining, quarrying, and oil and gas extraction [21]",11000
2002,3,Other services (except public administration)[81],103500
2002,3,"Professional, scientific and technical services [54]",135500
2002,3,Public administration [91],87250
2002,3,"Real estate, rental and leasing [53]",42000
2002,3,Retail trade  [44-45],229500
2002,3,Transportation and warehousing [48-49],105000
2002,3,Utilities [22],11000
2002,3,Wholesale trade  [41],66000
2002,4,Accommodation and food services [72],166500
2002,4,"Administrative and support, waste management and remediation services [56]",70000
2002,4,"Agriculture, forestry, fishing and hunting [11]",49500
2002,4,"Arts, entertainment and recreation [71]",51250
2002,4,Construction [23],107750
2002,4,Educational services [61],145500
2002,4,Finance and insurance [52],75500
2002,4,Health care and social assistance [62],208250
2002,4,Information and cultural industries [51],55000
2002,4,Management of companies and enterprises [55],1000
2002,4,Manufacturing [31-33],193750
2002,4,"Mining, quarrying, and oil and gas extraction [21]",9250
2002,4,Other services (except public administration)[81],98250
2002,4,"Professional, scientific and technical services [54]",132750
2002,4,Public administration [91],86000
2002,4,"Real estate, rental and leasing [53]",39000
2002,4,Retail trade  [44-45],238250
2002,4,Transportation and warehousing [48-49],105750
2002,4,Utilities [22],10750
2002,4,Wholesale trade  [41],69250
2002,5,Accommodation and food services [72],172000
2002,5,"Administrative and support, waste management and remediation services [56]",75000
2002,5,"Agriculture, forestry, fishing and hunting [11]",54500
2002,5,"Arts, entertainment and recreation [71]",46250
2002,5,Construction [23],115250
2002,5,Educational services [61],136250
2002,5,Finance and insurance [52],75000
2002,5,Health care and social assistance [62],206500
2002,5,Information and cultural industries [51],57750
2002,5,Management of companies and enterprises [55],750
2002,5,Manufacturing [31-33],192000
2002,5,"Mining, quarrying, and oil and gas extraction [21]",8500
2002,5,Other services (except public administration)[81],100250
2002,5,"Professional, scientific and technical services [54]",132250
2002,5,Public administration [91],88500
2002,5,"Real estate, rental and leasing [53]",41500
2002,5,Retail trade  [44-45],242000
2002,5,Transportation and warehousing [48-49],106750
2002,5,Utilities [22],11750
2002,5,Wholesale trade  [41],74750
2002,6,Accommodation and food services [72],170500
2002,6,"Administrative and support, waste management and remediation services [56]",81000
2002,6,"Agriculture, forestry, fishing and hunting [11]",58000
2002,6,"Arts, entertainment and recreation [71]",50000
2002,6,Construction [23],118750
2002,6,Educational services [61],140250
2002,6,Finance and insurance [52],81250
2002,6,Health care and social assistance [62],209250
2002,6,Information and cultural industries [51],62750
2002,6,Management of companies and enterprises [55],500
2002,6,Manufacturing [31-33],205250
2002,6,"Mining, quarrying, and oil and gas extraction [21]",9500
2002,6,Other services (except public administration)[81],98750
2002,6,"Professional, scientific and technical services [54]",130750
2002,6,Public administration [91],92250
2002,6,"Real estate, rental and leasing [53]",42500
2002,6,Retail trade  [44-45],241250
2002,6,Transportation and warehousing [48-49],110000
2002,6,Utilities [22],11000
2002,6,Wholesale trade  [41],77250
2002,7,Accommodation and food services [72],171750
2002,7,"Administrative and support, waste management and remediation services [56]",76250
2002,7,"Agriculture, forestry, fishing and hunting [11]",64500
2002,7,"Arts, entertainment and recreation [71]",54250
2002,7,Construction [23],128250
2002,7,Educational services [61],115000
2002,7,Finance and insurance [52],80250
2002,7,Health care and social assistance [62],213250
2002,7,Information and cultural industries [51],58500
2002,7,Management of companies and enterprises [55],500
2002,7,Manufacturing [31-33],211500
2002,7,"Mining, quarrying, and oil and gas extraction [21]",9750
2002,7,Other services (except public administration)[81],97500
2002,7,"Professional, scientific and technical services [54]",128750
2002,7,Public administration [91],93500
2002,7,"Real estate, rental and leasing [53]",43000
2002,7,Retail trade  [44-45],248500
2002,7,Transportation and warehousing [48-49],111500
2002,7,Utilities [22],10500
2002,7,Wholesale trade  [41],78000
2002,8,Accommodation and food services [72],168500
2002,8,"Administrative and support, waste management and remediation services [56]",78250
2002,8,"Agriculture, forestry, fishing and hunting [11]",69500
2002,8,"Arts, entertainment and recreation [71]",55000
2002,8,Construction [23],131750
2002,8,Educational services [61],120250
2002,8,Finance and insurance [52],79500
2002,8,Health care and social assistance [62],214750
2002,8,Information and cultural industries [51],62000
2002,8,Management of companies and enterprises [55],750
2002,8,Manufacturing [31-33],209250
2002,8,"Mining, quarrying, and oil and gas extraction [21]",8000
2002,8,Other services (except public administration)[81],91000
2002,8,"Professional, scientific and technical services [54]",133500
2002,8,Public administration [91],94000
2002,8,"Real estate, rental and leasing [53]",48000
2002,8,Retail trade  [44-45],249500
2002,8,Transportation and warehousing [48-49],112250
2002,8,Utilities [22],10250
2002,8,Wholesale trade  [41],77250
2002,9,Accommodation and food services [72],159750
2002,9,"Administrative and support, waste management and remediation services [56]",72500
2002,9,"Agriculture, forestry, fishing and hunting [11]",68500
2002,9,"Arts, entertainment and recreation [71]",41750
2002,9,Construction [23],122750
2002,9,Educational services [61],139000
2002,9,Finance and insurance [52],83250
2002,9,Health care and social assistance [62],214000
2002,9,Information and cultural industries [51],59750
2002,9,Management of companies and enterprises [55],250
2002,9,Manufacturing [31-33],207500
2002,9,"Mining, quarrying, and oil and gas extraction [21]",8500
2002,9,Other services (except public administration)[81],91500
2002,9,"Professional, scientific and technical services [54]",139750
2002,9,Public administration [91],91500
2002,9,"Real estate, rental and leasing [53]",43750
2002,9,Retail trade  [44-45],252750
2002,9,Transportation and warehousing [48-49],119000
2002,9,Utilities [22],10750
2002,9,Wholesale trade  [41],76000
2002,10,Accommodation and food services [72],154250
2002,10,"Administrative and support, waste management and remediation services [56]",70000
2002,10,"Agriculture, forestry, fishing and hunting [11]",66750
2002,10,"Arts, entertainment and recreation [71]",41000
2002,10,Construction [23],125750
2002,10,Educational services [61],135500
2002,10,Finance and insurance [52],86000
2002,10,Health care and social assistance [62],220750
2002,10,Information and cultural industries [51],54750
2002,10,Management of companies and enterprises [55],750
2002,10,Manufacturing [31-33],203250
2002,10,"Mining, quarrying, and oil and gas extraction [21]",8750
2002,10,Other services (except public administration)[81],91750
2002,10,"Professional, scientific and technical services [54]",133250
2002,10,Public administration [91],90000
2002,10,"Real estate, rental and leasing [53]",46500
2002,10,Retail trade  [44-45],261500
2002,10,Transportation and warehousing [48-49],111500
2002,10,Utilities [22],11000
2002,10,Wholesale trade  [41],69500
2002,11,Accommodation and food services [72],152500
2002,11,"Administrative and support, waste management and remediation services [56]",68500
2002,11,"Agriculture, forestry, fishing and hunting [11]",61250
2002,11,"Arts, entertainment and recreation [71]",42750
2002,11,Construction [23],117000
2002,11,Educational services [61],135500
2002,11,Finance and insurance [52],87750
2002,11,Health care and social assistance [62],217500
2002,11,Information and cultural industries [51],55750
2002,11,Management of companies and enterprises [55],750
2002,11,Manufacturing [31-33],203750
2002,11,"Mining, quarrying, and oil and gas extraction [21]",8000
2002,11,Other services (except public administration)[81],91000
2002,11,"Professional, scientific and technical services [54]",133500
2002,11,Public administration [91],89500
2002,11,"Real estate, rental and leasing [53]",44500
2002,11,Retail trade  [44-45],265250
2002,11,Transportation and warehousing [48-49],112750
2002,11,Utilities [22],11250
2002,11,Wholesale trade  [41],70250
2002,12,Accommodation and food services [72],146750
2002,12,"Administrative and support, waste management and remediation services [56]",65000
2002,12,"Agriculture, forestry, fishing and hunting [11]",61000
2002,12,"Arts, entertainment and recreation [71]",47500
2002,12,Construction [23],115000
2002,12,Educational services [61],142000
2002,12,Finance and insurance [52],88250
2002,12,Health care and social assistance [62],216750
2002,12,Information and cultural industries [51],47750
2002,12,Management of companies and enterprises [55],750
2002,12,Manufacturing [31-33],197000
2002,12,"Mining, quarrying, and oil and gas extraction [21]",7250
2002,12,Other services (except public administration)[81],87750
2002,12,"Professional, scientific and technical services [54]",135750
2002,12,Public administration [91],89500
2002,12,"Real estate, rental and leasing [53]",46750
2002,12,Retail trade  [44-45],274500
2002,12,Transportation and warehousing [48-49],112250
2002,12,Utilities [22],11500
2002,12,Wholesale trade  [41],66000
2003,1,Accommodation and food services [72],148500
2003,1,"Administrative and support, waste management and remediation services [56]",66500
2003,1,"Agriculture, forestry, fishing and hunting [11]",59500
2003,1,"Arts, entertainment and recreation [71]",46250
2003,1,Construction [23],109000
2003,1,Educational services [61],148750
2003,1,Finance and insurance [52],83250
2003,1,Health care and social assistance [62],208250
2003,1,Information and cultural industries [51],47000
2003,1,Management of companies and enterprises [55],500
2003,1,Manufacturing [31-33],196750
2003,1,"Mining, quarrying, and oil and gas extraction [21]",7500
2003,1,Other services (except public administration)[81],91500
2003,1,"Professional, scientific and technical services [54]",129750
2003,1,Public administration [91],89250
2003,1,"Real estate, rental and leasing [53]",46750
2003,1,Retail trade  [44-45],253000
2003,1,Transportation and warehousing [48-49],111500
2003,1,Utilities [22],11250
2003,1,Wholesale trade  [41],73250
2003,2,Accommodation and food services [72],152250
2003,2,"Administrative and support, waste management and remediation services [56]",72500
2003,2,"Agriculture, forestry, fishing and hunting [11]",58750
2003,2,"Arts, entertainment and recreation [71]",50500
2003,2,Construction [23],110250
2003,2,Educational services [61],152250
2003,2,Finance and insurance [52],78000
2003,2,Health care and social assistance [62],215750
2003,2,Information and cultural industries [51],43500
2003,2,Management of companies and enterprises [55],250
2003,2,Manufacturing [31-33],199000
2003,2,"Mining, quarrying, and oil and gas extraction [21]",11500
2003,2,Other services (except public administration)[81],91250
2003,2,"Professional, scientific and technical services [54]",129750
2003,2,Public administration [91],93500
2003,2,"Real estate, rental and leasing [53]",51250
2003,2,Retail trade  [44-45],247500
2003,2,Transportation and warehousing [48-49],112750
2003,2,Utilities [22],11500
2003,2,Wholesale trade  [41],70500
2003,3,Accommodation and food services [72],158500
2003,3,"Administrative and support, waste management and remediation services [56]",73500
2003,3,"Agriculture, forestry, fishing and hunting [11]",63250
2003,3,"Arts, entertainment and recreation [71]",55000
2003,3,Construction [23],115000
2003,3,Educational services [61],151250
2003,3,Finance and insurance [52],79250
2003,3,Health care and social assistance [62],213500
2003,3,Information and cultural industries [51],42500
2003,3,Management of companies and enterprises [55],0
2003,3,Manufacturing [31-33],205500
2003,3,"Mining, quarrying, and oil and gas extraction [21]",14250
2003,3,Other services (except public administration)[81],92750
2003,3,"Professional, scientific and technical services [54]",133250
2003,3,Public administration [91],88500
2003,3,"Real estate, rental and leasing [53]",48500
2003,3,Retail trade  [44-45],247750
2003,3,Transportation and warehousing [48-49],116500
2003,3,Utilities [22],12250
2003,3,Wholesale trade  [41],69250
2003,4,Accommodation and food services [72],156500
2003,4,"Administrative and support, waste management and remediation services [56]",77250
2003,4,"Agriculture, forestry, fishing and hunting [11]",60250
2003,4,"Arts, entertainment and recreation [71]",55250
2003,4,Construction [23],104000
2003,4,Educational services [61],144000
2003,4,Finance and insurance [52],80500
2003,4,Health care and social assistance [62],218000
2003,4,Information and cultural industries [51],46250
2003,4,Management of companies and enterprises [55],0
2003,4,Manufacturing [31-33],205500
2003,4,"Mining, quarrying, and oil and gas extraction [21]",13750
2003,4,Other services (except public administration)[81],94750
2003,4,"Professional, scientific and technical services [54]",131750
2003,4,Public administration [91],86000
2003,4,"Real estate, rental and leasing [53]",48750
2003,4,Retail trade  [44-45],250500
2003,4,Transportation and warehousing [48-49],115250
2003,4,Utilities [22],12000
2003,4,Wholesale trade  [41],72000
2003,5,Accommodation and food services [72],155750
2003,5,"Administrative and support, waste management and remediation services [56]",81000
2003,5,"Agriculture, forestry, fishing and hunting [11]",62500
2003,5,"Arts, entertainment and recreation [71]",62000
2003,5,Construction [23],111500
2003,5,Educational services [61],139750
2003,5,Finance and insurance [52],80250
2003,5,Health care and social assistance [62],217500
2003,5,Information and cultural industries [51],48000
2003,5,Management of companies and enterprises [55],0
2003,5,Manufacturing [31-33],210500
2003,5,"Mining, quarrying, and oil and gas extraction [21]",18000
2003,5,Other services (except public administration)[81],92750
2003,5,"Professional, scientific and technical services [54]",130000
2003,5,Public administration [91],90250
2003,5,"Real estate, rental and leasing [53]",42000
2003,5,Retail trade  [44-45],240250
2003,5,Transportation and warehousing [48-49],116250
2003,5,Utilities [22],11500
2003,5,Wholesale trade  [41],78000
2003,6,Accommodation and food services [72],162000
2003,6,"Administrative and support, waste management and remediation services [56]",87000
2003,6,"Agriculture, forestry, fishing and hunting [11]",67000
2003,6,"Arts, entertainment and recreation [71]",59250
2003,6,Construction [23],121750
2003,6,Educational services [61],135750
2003,6,Finance and insurance [52],85500
2003,6,Health care and social assistance [62],219250
2003,6,Information and cultural industries [51],48750
2003,6,Management of companies and enterprises [55],0
2003,6,Manufacturing [31-33],210500
2003,6,"Mining, quarrying, and oil and gas extraction [21]",14500
2003,6,Other services (except public administration)[81],92000
2003,6,"Professional, scientific and technical services [54]",132250
2003,6,Public administration [91],96250
2003,6,"Real estate, rental and leasing [53]",40750
2003,6,Retail trade  [44-45],242000
2003,6,Transportation and warehousing [48-49],113000
2003,6,Utilities [22],11250
2003,6,Wholesale trade  [41],80000
2003,7,Accommodation and food services [72],166500
2003,7,"Administrative and support, waste management and remediation services [56]",84750
2003,7,"Agriculture, forestry, fishing and hunting [11]",74000
2003,7,"Arts, entertainment and recreation [71]",63000
2003,7,Construction [23],128750
2003,7,Educational services [61],113000
2003,7,Finance and insurance [52],80500
2003,7,Health care and social assistance [62],216000
2003,7,Information and cultural industries [51],48250
2003,7,Management of companies and enterprises [55],0
2003,7,Manufacturing [31-33],212000
2003,7,"Mining, quarrying, and oil and gas extraction [21]",15750
2003,7,Other services (except public administration)[81],95500
2003,7,"Professional, scientific and technical services [54]",139250
2003,7,Public administration [91],99500
2003,7,"Real estate, rental and leasing [53]",43000
2003,7,Retail trade  [44-45],244250
2003,7,Transportation and warehousing [48-49],110500
2003,7,Utilities [22],10750
2003,7,Wholesale trade  [41],82500
2003,8,Accommodation and food services [72],169750
2003,8,"Administrative and support, waste management and remediation services [56]",84250
2003,8,"Agriculture, forestry, fishing and hunting [11]",73500
2003,8,"Arts, entertainment and recreation [71]",64750
2003,8,Construction [23],127000
2003,8,Educational services [61],114250
2003,8,Finance and insurance [52],80500
2003,8,Health care and social assistance [62],210750
2003,8,Information and cultural industries [51],49500
2003,8,Management of companies and enterprises [55],1000
2003,8,Manufacturing [31-33],214000
2003,8,"Mining, quarrying, and oil and gas extraction [21]",11500
2003,8,Other services (except public administration)[81],93000
2003,8,"Professional, scientific and technical services [54]",143000
2003,8,Public administration [91],97500
2003,8,"Real estate, rental and leasing [53]",42000
2003,8,Retail trade  [44-45],239750
2003,8,Transportation and warehousing [48-49],116500
2003,8,Utilities [22],11000
2003,8,Wholesale trade  [41],86750
2003,9,Accommodation and food services [72],162750
2003,9,"Administrative and support, waste management and remediation services [56]",76500
2003,9,"Agriculture, forestry, fishing and hunting [11]",69250
2003,9,"Arts, entertainment and recreation [71]",55250
2003,9,Construction [23],119750
2003,9,Educational services [61],127000
2003,9,Finance and insurance [52],82750
2003,9,Health care and social assistance [62],211750
2003,9,Information and cultural industries [51],57250
2003,9,Management of companies and enterprises [55],0
2003,9,Manufacturing [31-33],207000
2003,9,"Mining, quarrying, and oil and gas extraction [21]",12500
2003,9,Other services (except public administration)[81],95500
2003,9,"Professional, scientific and technical services [54]",141750
2003,9,Public administration [91],97000
2003,9,"Real estate, rental and leasing [53]",42000
2003,9,Retail trade  [44-45],244250
2003,9,Transportation and warehousing [48-49],112500
2003,9,Utilities [22],11000
2003,9,Wholesale trade  [41],86500
2003,10,Accommodation and food services [72],159500
2003,10,"Administrative and support, waste management and remediation services [56]",82250
2003,10,"Agriculture, forestry, fishing and hunting [11]",67500
2003,10,"Arts, entertainment and recreation [71]",54250
2003,10,Construction [23],124500
2003,10,Educational services [61],137000
2003,10,Finance and insurance [52],84750
2003,10,Health care and social assistance [62],211500
2003,10,Information and cultural industries [51],56250
2003,10,Management of companies and enterprises [55],0
2003,10,Manufacturing [31-33],209750
2003,10,"Mining, quarrying, and oil and gas extraction [21]",15000
2003,10,Other services (except public administration)[81],91750
2003,10,"Professional, scientific and technical services [54]",142250
2003,10,Public administration [91],101250
2003,10,"Real estate, rental and leasing [53]",39500
2003,10,Retail trade  [44-45],247750
2003,10,Transportation and warehousing [48-49],114250
2003,10,Utilities [22],11000
2003,10,Wholesale trade  [41],82500
2003,11,Accommodation and food services [72],155500
2003,11,"Administrative and support, waste management and remediation services [56]",80250
2003,11,"Agriculture, forestry, fishing and hunting [11]",64250
2003,11,"Arts, entertainment and recreation [71]",47250
2003,11,Construction [23],120500
2003,11,Educational services [61],137750
2003,11,Finance and insurance [52],78250
2003,11,Health care and social assistance [62],212500
2003,11,Information and cultural industries [51],56500
2003,11,Management of companies and enterprises [55],0
2003,11,Manufacturing [31-33],203250
2003,11,"Mining, quarrying, and oil and gas extraction [21]",10250
2003,11,Other services (except public administration)[81],97000
2003,11,"Professional, scientific and technical services [54]",139250
2003,11,Public administration [91],98750
2003,11,"Real estate, rental and leasing [53]",48250
2003,11,Retail trade  [44-45],263250
2003,11,Transportation and warehousing [48-49],116000
2003,11,Utilities [22],10750
2003,11,Wholesale trade  [41],68750
2003,12,Accommodation and food services [72],162250
2003,12,"Administrative and support, waste management and remediation services [56]",79250
2003,12,"Agriculture, forestry, fishing and hunting [11]",55750
2003,12,"Arts, entertainment and recreation [71]",51500
2003,12,Construction [23],120000
2003,12,Educational services [61],141250
2003,12,Finance and insurance [52],76500
2003,12,Health care and social assistance [62],217250
2003,12,Information and cultural industries [51],55500
2003,12,Management of companies and enterprises [55],0
2003,12,Manufacturing [31-33],204250
2003,12,"Mining, quarrying, and oil and gas extraction [21]",12500
2003,12,Other services (except public administration)[81],99000
2003,12,"Professional, scientific and technical services [54]",139500
2003,12,Public administration [91],97750
2003,12,"Real estate, rental and leasing [53]",48500
2003,12,Retail trade  [44-45],271500
2003,12,Transportation and warehousing [48-49],119000
2003,12,Utilities [22],9500
2003,12,Wholesale trade  [41],66000
2004,1,Accommodation and food services [72],154000
2004,1,"Administrative and support, waste management and remediation services [56]",74000
2004,1,"Agriculture, forestry, fishing and hunting [11]",54000
2004,1,"Arts, entertainment and recreation [71]",48500
2004,1,Construction [23],122500
2004,1,Educational services [61],140750
2004,1,Finance and insurance [52],78500
2004,1,Health care and social assistance [62],213000
2004,1,Information and cultural industries [51],53750
2004,1,Management of companies and enterprises [55],0
2004,1,Manufacturing [31-33],206000
2004,1,"Mining, quarrying, and oil and gas extraction [21]",10500
2004,1,Other services (except public administration)[81],92750
2004,1,"Professional, scientific and technical services [54]",139000
2004,1,Public administration [91],96000
2004,1,"Real estate, rental and leasing [53]",46750
2004,1,Retail trade  [44-45],269500
2004,1,Transportation and warehousing [48-49],113750
2004,1,Utilities [22],9250
2004,1,Wholesale trade  [41],60000
2004,2,Accommodation and food services [72],162500
2004,2,"Administrative and support, waste management and remediation services [56]",75000
2004,2,"Agriculture, forestry, fishing and hunting [11]",55500
2004,2,"Arts, entertainment and recreation [71]",56750
2004,2,Construction [23],120000
2004,2,Educational services [61],142250
2004,2,Finance and insurance [52],77250
2004,2,Health care and social assistance [62],207750
2004,2,Information and cultural industries [51],47750
2004,2,Management of companies and enterprises [55],0
2004,2,Manufacturing [31-33],206000
2004,2,"Mining, quarrying, and oil and gas extraction [21]",11250
2004,2,Other services (except public administration)[81],94250
2004,2,"Professional, scientific and technical services [54]",138000
2004,2,Public administration [91],98750
2004,2,"Real estate, rental and leasing [53]",44500
2004,2,Retail trade  [44-45],251750
2004,2,Transportation and warehousing [48-49],109250
2004,2,Utilities [22],8500
2004,2,Wholesale trade  [41],60000
2004,3,Accommodation and food services [72],163500
2004,3,"Administrative and support, waste management and remediation services [56]",76000
2004,3,"Agriculture, forestry, fishing and hunting [11]",56500
2004,3,"Arts, entertainment and recreation [71]",48000
2004,3,Construction [23],124250
2004,3,Educational services [61],133750
2004,3,Finance and insurance [52],78500
2004,3,Health care and social assistance [62],217750
2004,3,Information and cultural industries [51],55500
2004,3,Management of companies and enterprises [55],0
2004,3,Manufacturing [31-33],202500
2004,3,"Mining, quarrying, and oil and gas extraction [21]",9250
2004,3,Other services (except public administration)[81],90000
2004,3,"Professional, scientific and technical services [54]",139750
2004,3,Public administration [91],101250
2004,3,"Real estate, rental and leasing [53]",48500
2004,3,Retail trade  [44-45],253250
2004,3,Transportation and warehousing [48-49],106750
2004,3,Utilities [22],9500
2004,3,Wholesale trade  [41],67250
2004,4,Accommodation and food services [72],170750
2004,4,"Administrative and support, waste management and remediation services [56]",74750
2004,4,"Agriculture, forestry, fishing and hunting [11]",56750
2004,4,"Arts, entertainment and recreation [71]",46750
2004,4,Construction [23],129500
2004,4,Educational services [61],132250
2004,4,Finance and insurance [52],85250
2004,4,Health care and social assistance [62],215750
2004,4,Information and cultural industries [51],51750
2004,4,Management of companies and enterprises [55],0
2004,4,Manufacturing [31-33],205250
2004,4,"Mining, quarrying, and oil and gas extraction [21]",8750
2004,4,Other services (except public administration)[81],92000
2004,4,"Professional, scientific and technical services [54]",140000
2004,4,Public administration [91],97500
2004,4,"Real estate, rental and leasing [53]",43250
2004,4,Retail trade  [44-45],241000
2004,4,Transportation and warehousing [48-49],110750
2004,4,Utilities [22],10000
2004,4,Wholesale trade  [41],65250
2004,5,Accommodation and food services [72],166750
2004,5,"Administrative and support, waste management and remediation services [56]",84250
2004,5,"Agriculture, forestry, fishing and hunting [11]",62750
2004,5,"Arts, entertainment and recreation [71]",51000
2004,5,Construction [23],133750
2004,5,Educational services [61],135750
2004,5,Finance and insurance [52],82500
2004,5,Health care and social assistance [62],214000
2004,5,Information and cultural industries [51],52750
2004,5,Management of companies and enterprises [55],0
2004,5,Manufacturing [31-33],208000
2004,5,"Mining, quarrying, and oil and gas extraction [21]",10500
2004,5,Other services (except public administration)[81],95750
2004,5,"Professional, scientific and technical services [54]",142250
2004,5,Public administration [91],100750
2004,5,"Real estate, rental and leasing [53]",46500
2004,5,Retail trade  [44-45],245250
2004,5,Transportation and warehousing [48-49],112000
2004,5,Utilities [22],10500
2004,5,Wholesale trade  [41],65500
2004,6,Accommodation and food services [72],179000
2004,6,"Administrative and support, waste management and remediation services [56]",83500
2004,6,"Agriculture, forestry, fishing and hunting [11]",69750
2004,6,"Arts, entertainment and recreation [71]",57750
2004,6,Construction [23],148500
2004,6,Educational services [61],136500
2004,6,Finance and insurance [52],84500
2004,6,Health care and social assistance [62],221500
2004,6,Information and cultural industries [51],56750
2004,6,Management of companies and enterprises [55],0
2004,6,Manufacturing [31-33],210250
2004,6,"Mining, quarrying, and oil and gas extraction [21]",10750
2004,6,Other services (except public administration)[81],94000
2004,6,"Professional, scientific and technical services [54]",140000
2004,6,Public administration [91],101250
2004,6,"Real estate, rental and leasing [53]",42000
2004,6,Retail trade  [44-45],247500
2004,6,Transportation and warehousing [48-49],119000
2004,6,Utilities [22],10500
2004,6,Wholesale trade  [41],62000
2004,7,Accommodation and food services [72],180250
2004,7,"Administrative and support, waste management and remediation services [56]",86000
2004,7,"Agriculture, forestry, fishing and hunting [11]",72250
2004,7,"Arts, entertainment and recreation [71]",58250
2004,7,Construction [23],152250
2004,7,Educational services [61],110500
2004,7,Finance and insurance [52],78250
2004,7,Health care and social assistance [62],218250
2004,7,Information and cultural industries [51],59000
2004,7,Management of companies and enterprises [55],0
2004,7,Manufacturing [31-33],216000
2004,7,"Mining, quarrying, and oil and gas extraction [21]",10500
2004,7,Other services (except public administration)[81],94750
2004,7,"Professional, scientific and technical services [54]",139250
2004,7,Public administration [91],100250
2004,7,"Real estate, rental and leasing [53]",46500
2004,7,Retail trade  [44-45],249750
2004,7,Transportation and warehousing [48-49],121000
2004,7,Utilities [22],9250
2004,7,Wholesale trade  [41],67250
2004,8,Accommodation and food services [72],181250
2004,8,"Administrative and support, waste management and remediation services [56]",84750
2004,8,"Agriculture, forestry, fishing and hunting [11]",69250
2004,8,"Arts, entertainment and recreation [71]",66500
2004,8,Construction [23],154500
2004,8,Educational services [61],105000
2004,8,Finance and insurance [52],83500
2004,8,Health care and social assistance [62],215000
2004,8,Information and cultural industries [51],59250
2004,8,Management of companies and enterprises [55],0
2004,8,Manufacturing [31-33],216250
2004,8,"Mining, quarrying, and oil and gas extraction [21]",10750
2004,8,Other services (except public administration)[81],92250
2004,8,"Professional, scientific and technical services [54]",142500
2004,8,Public administration [91],103000
2004,8,"Real estate, rental and leasing [53]",49500
2004,8,Retail trade  [44-45],242500
2004,8,Transportation and warehousing [48-49],115500
2004,8,Utilities [22],10000
2004,8,Wholesale trade  [41],63000
2004,9,Accommodation and food services [72],171500
2004,9,"Administrative and support, waste management and remediation services [56]",78750
2004,9,"Agriculture, forestry, fishing and hunting [11]",59500
2004,9,"Arts, entertainment and recreation [71]",59000
2004,9,Construction [23],151250
2004,9,Educational services [61],136250
2004,9,Finance and insurance [52],83250
2004,9,Health care and social assistance [62],223750
2004,9,Information and cultural industries [51],57500
2004,9,Management of companies and enterprises [55],0
2004,9,Manufacturing [31-33],212000
2004,9,"Mining, quarrying, and oil and gas extraction [21]",11250
2004,9,Other services (except public administration)[81],92000
2004,9,"Professional, scientific and technical services [54]",141000
2004,9,Public administration [91],99500
2004,9,"Real estate, rental and leasing [53]",45250
2004,9,Retail trade  [44-45],241000
2004,9,Transportation and warehousing [48-49],114750
2004,9,Utilities [22],8500
2004,9,Wholesale trade  [41],64750
2004,10,Accommodation and food services [72],169000
2004,10,"Administrative and support, waste management and remediation services [56]",81750
2004,10,"Agriculture, forestry, fishing and hunting [11]",61000
2004,10,"Arts, entertainment and recreation [71]",60000
2004,10,Construction [23],160750
2004,10,Educational services [61],134250
2004,10,Finance and insurance [52],82500
2004,10,Health care and social assistance [62],216250
2004,10,Information and cultural industries [51],56750
2004,10,Management of companies and enterprises [55],0
2004,10,Manufacturing [31-33],209000
2004,10,"Mining, quarrying, and oil and gas extraction [21]",13500
2004,10,Other services (except public administration)[81],89000
2004,10,"Professional, scientific and technical services [54]",148500
2004,10,Public administration [91],98750
2004,10,"Real estate, rental and leasing [53]",48250
2004,10,Retail trade  [44-45],238500
2004,10,Transportation and warehousing [48-49],113500
2004,10,Utilities [22],8250
2004,10,Wholesale trade  [41],67750
2004,11,Accommodation and food services [72],168250
2004,11,"Administrative and support, waste management and remediation services [56]",77250
2004,11,"Agriculture, forestry, fishing and hunting [11]",53000
2004,11,"Arts, entertainment and recreation [71]",54250
2004,11,Construction [23],155000
2004,11,Educational services [61],141250
2004,11,Finance and insurance [52],83000
2004,11,Health care and social assistance [62],216750
2004,11,Information and cultural industries [51],51250
2004,11,Management of companies and enterprises [55],0
2004,11,Manufacturing [31-33],207000
2004,11,"Mining, quarrying, and oil and gas extraction [21]",13500
2004,11,Other services (except public administration)[81],92750
2004,11,"Professional, scientific and technical services [54]",156000
2004,11,Public administration [91],96000
2004,11,"Real estate, rental and leasing [53]",45500
2004,11,Retail trade  [44-45],240750
2004,11,Transportation and warehousing [48-49],108250
2004,11,Utilities [22],7250
2004,11,Wholesale trade  [41],70250
2004,12,Accommodation and food services [72],173250
2004,12,"Administrative and support, waste management and remediation services [56]",79500
2004,12,"Agriculture, forestry, fishing and hunting [11]",54250
2004,12,"Arts, entertainment and recreation [71]",54500
2004,12,Construction [23],152750
2004,12,Educational services [61],140000
2004,12,Finance and insurance [52],84750
2004,12,Health care and social assistance [62],221000
2004,12,Information and cultural industries [51],54500
2004,12,Management of companies and enterprises [55],0
2004,12,Manufacturing [31-33],201750
2004,12,"Mining, quarrying, and oil and gas extraction [21]",15000
2004,12,Other services (except public administration)[81],92750
2004,12,"Professional, scientific and technical services [54]",151500
2004,12,Public administration [91],96750
2004,12,"Real estate, rental and leasing [53]",46750
2004,12,Retail trade  [44-45],249500
2004,12,Transportation and warehousing [48-49],107250
2004,12,Utilities [22],7750
2004,12,Wholesale trade  [41],73000
2005,1,Accommodation and food services [72],162750
2005,1,"Administrative and support, waste management and remediation services [56]",77500
2005,1,"Agriculture, forestry, fishing and hunting [11]",54250
2005,1,"Arts, entertainment and recreation [71]",49250
2005,1,Construction [23],157250
2005,1,Educational services [61],140500
2005,1,Finance and insurance [52],87250
2005,1,Health care and social assistance [62],214500
2005,1,Information and cultural industries [51],52250
2005,1,Management of companies and enterprises [55],0
2005,1,Manufacturing [31-33],199500
2005,1,"Mining, quarrying, and oil and gas extraction [21]",14000
2005,1,Other services (except public administration)[81],91000
2005,1,"Professional, scientific and technical services [54]",151000
2005,1,Public administration [91],92750
2005,1,"Real estate, rental and leasing [53]",39250
2005,1,Retail trade  [44-45],241000
2005,1,Transportation and warehousing [48-49],108750
2005,1,Utilities [22],8250
2005,1,Wholesale trade  [41],76750
2005,2,Accommodation and food services [72],159000
2005,2,"Administrative and support, waste management and remediation services [56]",89000
2005,2,"Agriculture, forestry, fishing and hunting [11]",59500
2005,2,"Arts, entertainment and recreation [71]",48750
2005,2,Construction [23],155250
2005,2,Educational services [61],148750
2005,2,Finance and insurance [52],82000
2005,2,Health care and social assistance [62],214250
2005,2,Information and cultural industries [51],47750
2005,2,Management of companies and enterprises [55],500
2005,2,Manufacturing [31-33],196750
2005,2,"Mining, quarrying, and oil and gas extraction [21]",12500
2005,2,Other services (except public administration)[81],89250
2005,2,"Professional, scientific and technical services [54]",157750
2005,2,Public administration [91],93250
2005,2,"Real estate, rental and leasing [53]",46500
2005,2,Retail trade  [44-45],235750
2005,2,Transportation and warehousing [48-49],108250
2005,2,Utilities [22],9500
2005,2,Wholesale trade  [41],76500
2005,3,Accommodation and food services [72],159750
2005,3,"Administrative and support, waste management and remediation services [56]",92250
2005,3,"Agriculture, forestry, fishing and hunting [11]",57250
2005,3,"Arts, entertainment and recreation [71]",46750
2005,3,Construction [23],155000
2005,3,Educational services [61],144500
2005,3,Finance and insurance [52],89750
2005,3,Health care and social assistance [62],211250
2005,3,Information and cultural industries [51],47500
2005,3,Management of companies and enterprises [55],0
2005,3,Manufacturing [31-33],190250
2005,3,"Mining, quarrying, and oil and gas extraction [21]",14250
2005,3,Other services (except public administration)[81],91000
2005,3,"Professional, scientific and technical services [54]",159250
2005,3,Public administration [91],92750
2005,3,"Real estate, rental and leasing [53]",46500
2005,3,Retail trade  [44-45],244000
2005,3,Transportation and warehousing [48-49],110250
2005,3,Utilities [22],10000
2005,3,Wholesale trade  [41],76750
2005,4,Accommodation and food services [72],174750
2005,4,"Administrative and support, waste management and remediation services [56]",92500
2005,4,"Agriculture, forestry, fishing and hunting [11]",64250
2005,4,"Arts, entertainment and recreation [71]",47250
2005,4,Construction [23],161750
2005,4,Educational services [61],151000
2005,4,Finance and insurance [52],84250
2005,4,Health care and social assistance [62],209000
2005,4,Information and cultural industries [51],48000
2005,4,Management of companies and enterprises [55],0
2005,4,Manufacturing [31-33],188250
2005,4,"Mining, quarrying, and oil and gas extraction [21]",12000
2005,4,Other services (except public administration)[81],90500
2005,4,"Professional, scientific and technical services [54]",163250
2005,4,Public administration [91],89750
2005,4,"Real estate, rental and leasing [53]",47250
2005,4,Retail trade  [44-45],240250
2005,4,Transportation and warehousing [48-49],106750
2005,4,Utilities [22],10250
2005,4,Wholesale trade  [41],70500
2005,5,Accommodation and food services [72],175000
2005,5,"Administrative and support, waste management and remediation services [56]",96750
2005,5,"Agriculture, forestry, fishing and hunting [11]",66750
2005,5,"Arts, entertainment and recreation [71]",46750
2005,5,Construction [23],160000
2005,5,Educational services [61],150250
2005,5,Finance and insurance [52],84500
2005,5,Health care and social assistance [62],205250
2005,5,Information and cultural industries [51],51250
2005,5,Management of companies and enterprises [55],500
2005,5,Manufacturing [31-33],190500
2005,5,"Mining, quarrying, and oil and gas extraction [21]",12250
2005,5,Other services (except public administration)[81],93000
2005,5,"Professional, scientific and technical services [54]",164250
2005,5,Public administration [91],101500
2005,5,"Real estate, rental and leasing [53]",49000
2005,5,Retail trade  [44-45],249500
2005,5,Transportation and warehousing [48-49],115500
2005,5,Utilities [22],12750
2005,5,Wholesale trade  [41],72500
2005,6,Accommodation and food services [72],174500
2005,6,"Administrative and support, waste management and remediation services [56]",96750
2005,6,"Agriculture, forestry, fishing and hunting [11]",73500
2005,6,"Arts, entertainment and recreation [71]",59500
2005,6,Construction [23],169250
2005,6,Educational services [61],150750
2005,6,Finance and insurance [52],86250
2005,6,Health care and social assistance [62],205750
2005,6,Information and cultural industries [51],53750
2005,6,Management of companies and enterprises [55],1000
2005,6,Manufacturing [31-33],188500
2005,6,"Mining, quarrying, and oil and gas extraction [21]",12750
2005,6,Other services (except public administration)[81],88750
2005,6,"Professional, scientific and technical services [54]",166000
2005,6,Public administration [91],95500
2005,6,"Real estate, rental and leasing [53]",52000
2005,6,Retail trade  [44-45],239000
2005,6,Transportation and warehousing [48-49],115500
2005,6,Utilities [22],13000
2005,6,Wholesale trade  [41],73750
2005,7,Accommodation and food services [72],184500
2005,7,"Administrative and support, waste management and remediation services [56]",93500
2005,7,"Agriculture, forestry, fishing and hunting [11]",74500
2005,7,"Arts, entertainment and recreation [71]",52000
2005,7,Construction [23],174000
2005,7,Educational services [61],127750
2005,7,Finance and insurance [52],86750
2005,7,Health care and social assistance [62],207750
2005,7,Information and cultural industries [51],57500
2005,7,Management of companies and enterprises [55],1000
2005,7,Manufacturing [31-33],201000
2005,7,"Mining, quarrying, and oil and gas extraction [21]",14250
2005,7,Other services (except public administration)[81],88000
2005,7,"Professional, scientific and technical services [54]",159500
2005,7,Public administration [91],92250
2005,7,"Real estate, rental and leasing [53]",46750
2005,7,Retail trade  [44-45],241000
2005,7,Transportation and warehousing [48-49],128000
2005,7,Utilities [22],12750
2005,7,Wholesale trade  [41],77500
2005,8,Accommodation and food services [72],179250
2005,8,"Administrative and support, waste management and remediation services [56]",95000
2005,8,"Agriculture, forestry, fishing and hunting [11]",70250
2005,8,"Arts, entertainment and recreation [71]",52500
2005,8,Construction [23],176750
2005,8,Educational services [61],123750
2005,8,Finance and insurance [52],84000
2005,8,Health care and social assistance [62],217250
2005,8,Information and cultural industries [51],59000
2005,8,Management of companies and enterprises [55],1000
2005,8,Manufacturing [31-33],196500
2005,8,"Mining, quarrying, and oil and gas extraction [21]",14750
2005,8,Other services (except public administration)[81],85250
2005,8,"Professional, scientific and technical services [54]",160500
2005,8,Public administration [91],98250
2005,8,"Real estate, rental and leasing [53]",50500
2005,8,Retail trade  [44-45],249250
2005,8,Transportation and warehousing [48-49],122750
2005,8,Utilities [22],10750
2005,8,Wholesale trade  [41],81500
2005,9,Accommodation and food services [72],172000
2005,9,"Administrative and support, waste management and remediation services [56]",83750
2005,9,"Agriculture, forestry, fishing and hunting [11]",59750
2005,9,"Arts, entertainment and recreation [71]",58500
2005,9,Construction [23],164750
2005,9,Educational services [61],145750
2005,9,Finance and insurance [52],79750
2005,9,Health care and social assistance [62],216750
2005,9,Information and cultural industries [51],61500
2005,9,Management of companies and enterprises [55],1000
2005,9,Manufacturing [31-33],193250
2005,9,"Mining, quarrying, and oil and gas extraction [21]",13750
2005,9,Other services (except public administration)[81],84500
2005,9,"Professional, scientific and technical services [54]",152250
2005,9,Public administration [91],93250
2005,9,"Real estate, rental and leasing [53]",46250
2005,9,Retail trade  [44-45],252750
2005,9,Transportation and warehousing [48-49],126500
2005,9,Utilities [22],10000
2005,9,Wholesale trade  [41],87000
2005,10,Accommodation and food services [72],172250
2005,10,"Administrative and support, waste management and remediation services [56]",86250
2005,10,"Agriculture, forestry, fishing and hunting [11]",61250
2005,10,"Arts, entertainment and recreation [71]",62750
2005,10,Construction [23],170500
2005,10,Educational services [61],139750
2005,10,Finance and insurance [52],82500
2005,10,Health care and social assistance [62],219250
2005,10,Information and cultural industries [51],59500
2005,10,Management of companies and enterprises [55],750
2005,10,Manufacturing [31-33],190250
2005,10,"Mining, quarrying, and oil and gas extraction [21]",14500
2005,10,Other services (except public administration)[81],84750
2005,10,"Professional, scientific and technical services [54]",154750
2005,10,Public administration [91],90250
2005,10,"Real estate, rental and leasing [53]",45250
2005,10,Retail trade  [44-45],269000
2005,10,Transportation and warehousing [48-49],121750
2005,10,Utilities [22],9750
2005,10,Wholesale trade  [41],87500
2005,11,Accommodation and food services [72],170500
2005,11,"Administrative and support, waste management and remediation services [56]",82750
2005,11,"Agriculture, forestry, fishing and hunting [11]",47500
2005,11,"Arts, entertainment and recreation [71]",65250
2005,11,Construction [23],170750
2005,11,Educational services [61],144750
2005,11,Finance and insurance [52],83750
2005,11,Health care and social assistance [62],219500
2005,11,Information and cultural industries [51],57000
2005,11,Management of companies and enterprises [55],500
2005,11,Manufacturing [31-33],201500
2005,11,"Mining, quarrying, and oil and gas extraction [21]",15750
2005,11,Other services (except public administration)[81],86250
2005,11,"Professional, scientific and technical services [54]",161500
2005,11,Public administration [91],87750
2005,11,"Real estate, rental and leasing [53]",45250
2005,11,Retail trade  [44-45],273750
2005,11,Transportation and warehousing [48-49],119500
2005,11,Utilities [22],8250
2005,11,Wholesale trade  [41],82750
2005,12,Accommodation and food services [72],176750
2005,12,"Administrative and support, waste management and remediation services [56]",82000
2005,12,"Agriculture, forestry, fishing and hunting [11]",54000
2005,12,"Arts, entertainment and recreation [71]",68250
2005,12,Construction [23],173750
2005,12,Educational services [61],151250
2005,12,Finance and insurance [52],82500
2005,12,Health care and social assistance [62],212750
2005,12,Information and cultural industries [51],58000
2005,12,Management of companies and enterprises [55],0
2005,12,Manufacturing [31-33],184750
2005,12,"Mining, quarrying, and oil and gas extraction [21]",15000
2005,12,Other services (except public administration)[81],89250
2005,12,"Professional, scientific and technical services [54]",159500
2005,12,Public administration [91],91250
2005,12,"Real estate, rental and leasing [53]",47000
2005,12,Retail trade  [44-45],279750
2005,12,Transportation and warehousing [48-49],112250
2005,12,Utilities [22],7250
2005,12,Wholesale trade  [41],79500
